Location,Employment_2020,Employment_2021,Employment_2022,Inc_Per_Cap_2020,Inc_Per_Cap_2021,Inc_Per_CAp_2022,Life_Exp_2020,Life_Exp_2019,Life_Exp_2018,Employer_2019,Non-Group_2019,Medicaid_2019,Medicare_2019,Military_2019,Uninsured_2019,Employer_2021,Non-Group_2021,Medicaid_2021,Medicare_2021,Military_2021,Uninsured_2021,Population Density per mi²,2010 Population,2020 Population,flu_vaccination_rate_2019,asthma_prevalence,cardiac_mortality_rate,high_bp_prevalence,copd_prevalence,kidney_disease_prevalence,diabetes_prevalence,Physicians,Physicians Rate,Active MO,Active MO Rate,Active DO,Active DO Rate,Exc_deaths_2017,Exc_deaths_2018,Exc_deaths_2019,Exc_deaths_2020,Exc_deaths_2021,Exc_deaths_2022,Dist_Per_100K_2021_x,Distributed_Per_100k_65Plus_2021_x,Admin_Per_100K_2021_x,Admin_Per_100k_65Plus_2021_x,Administered_Dose1_Pop_Pct_2021_x,Administered_Dose1_Recip_65PlusPop_Pct_2021_x,Series_Complete_Pop_Pct_2021_x,Series_Complete_65PlusPop_Pct_2021_x,Additional_Doses_Vax_Pct_2021_x,Additional_Doses_50Plus_Vax_Pct_2021_x,Additional_Doses_65Plus_Vax_Pct_2021_x,Dist_Per_100K_2022_x,Distributed_Per_100k_65Plus_2022_x,Admin_Per_100K_2022_x,Admin_Per_100k_65Plus_2022_x,Administered_Dose1_Pop_Pct_2022_x,Administered_Dose1_Recip_65PlusPop_Pct_2022_x,Series_Complete_Pop_Pct_2022_x,Series_Complete_65PlusPop_Pct_2022_x,Additional_Doses_Vax_Pct_2022_x,Additional_Doses_50Plus_Vax_Pct_2022_x,Additional_Doses_65Plus_Vax_Pct_2022_x,Second_Booster_50Plus_Vax_Pct_x,Second_Booster_65Plus_Vax_Pct_x,Bivalent_Booster_65Plus_Pop_Pct_x,astha_prevalence,Dist_Per_100K_2021_y,Distributed_Per_100k_65Plus_2021_y,Admin_Per_100K_2021_y,Admin_Per_100k_65Plus_2021_y,Administered_Dose1_Pop_Pct_2021_y,Administered_Dose1_Recip_65PlusPop_Pct_2021_y,Series_Complete_Pop_Pct_2021_y,Series_Complete_65PlusPop_Pct_2021_y,Additional_Doses_Vax_Pct_2021_y,Additional_Doses_50Plus_Vax_Pct_2021_y,Additional_Doses_65Plus_Vax_Pct_2021_y,Dist_Per_100K_2022_y,Distributed_Per_100k_65Plus_2022_y,Admin_Per_100K_2022_y,Admin_Per_100k_65Plus_2022_y,Administered_Dose1_Pop_Pct_2022_y,Administered_Dose1_Recip_65PlusPop_Pct_2022_y,Series_Complete_Pop_Pct_2022_y,Series_Complete_65PlusPop_Pct_2022_y,Additional_Doses_Vax_Pct_2022_y,Additional_Doses_50Plus_Vax_Pct_2022_y,Additional_Doses_65Plus_Vax_Pct_2022_y,Second_Booster_50Plus_Vax_Pct_y,Second_Booster_65Plus_Vax_Pct_y,Bivalent_Booster_65Plus_Pop_Pct_y,Mask_Mandate,Mandatory,Current President,Your State Governor,Go to work,Go to the gym,Go visit a friend,"Go to a cafe, bar, or restaurant",Go to a doctor or visit a hospital,Go to church or another place of worship,"Take mass transit (e.g. subway, bus or train)",Avoiding contact with other people,Avoiding public or crowded places,Frequently washing hands,Wearing a face mask when outside of your home,"Been in a room with someone outside of 
 household in the past 24 hours","Yes, 5-10 people","Yes, 11-50 people","Yes, 50 or more people"
Alabama,2671005,2769464,2869931,45887,50059,50916,73.2,75.2,75.1,0.472,0.055,0.195,0.16,0.021,0.097,0.466,0.06,0.192,0.162,0.021,0.1,100.65,4779736,5024279,39.5,9.4,289.3,39.4,9.3,3.1,12.2,"10,983",224.0,"10,389",211.9,594,12.1,2649,4062,945,20726,29283,14805,164304,947963,115022,205476,58.6,92.8,47.7,79.7,27.4,38.9,49.0,242643,1399940,141328,259917,64.8,95.0,53.0,85.0,39.5,53.1,62.7,37.9,43.5,20.2,False,164304,947963,115022,205476,58.6,92.8,47.7,79.7,27.4,38.9,49.0,242643,1399940,141328,259917,64.8,95.0,53.0,85.0,39.5,53.1,62.7,37.9,43.5,20.2,07/16/2020,Yes,54.37112424,58.90323234,26.31,2.61,11.48,8.44,6.96,3.23,0.42,67.99,76.28,80.84,51.94,30.52,6.7,1.22,1.0
Alaska,430840,443047,457687,61898,65662,68635,76.6,77.7,78.0,0.484,0.035,0.213,0.1,0.053,0.115,0.433,0.041,0.257,0.107,0.053,0.108,1.3,710231,733391,37.0,9.7,178.5,32.8,4.6,1.8,7.1,"2,101",287.2,"1,825",249.5,276,37.7,417,492,639,1422,3483,1783,180516,1441840,140316,225626,65.1,93.3,56.4,84.2,34.8,52.8,64.1,282456,2256080,178247,307195,72.8,95.0,64.9,89.2,49.0,67.5,78.1,51.8,59.8,37.6,False,180516,1441840,140316,225626,65.1,93.3,56.4,84.2,34.8,52.8,64.1,282456,2256080,178247,307195,72.8,95.0,64.9,89.2,49.0,67.5,78.1,51.8,59.8,37.6,,No,56.06077532,64.20880987,28.26,3.44,16.69,1.18,4.28,5.07,0.0,51.31,71.37,76.71,46.17,44.03,5.44,1.39,0.0
Arizona,3920033,4086802,4287595,52133,56420,58442,76.3,78.8,78.7,0.451,0.052,0.21,0.161,0.015,0.111,0.45,0.054,0.213,0.162,0.015,0.106,64.96,6392017,7151502,37.1,9.8,181.8,29.9,6.0,3.6,9.8,"18,343",252.0,"15,989",219.7,"2,353",32.3,3522,4281,1785,30955,40347,20653,173088,962728,144603,236197,67.4,95.0,57.1,83.6,30.4,44.0,51.7,261578,1454920,196497,332661,77.1,95.0,65.8,90.3,49.5,65.0,71.8,51.8,58.9,34.6,False,173088,962728,144603,236197,67.4,95.0,57.1,83.6,30.4,44.0,51.7,261578,1454920,196497,332661,77.1,95.0,65.8,90.3,49.5,65.0,71.8,51.8,58.9,34.6,,No,43.07990383,57.21766551,32.02,1.48,6.21,6.0,6.81,1.69,2.76,65.18,71.42,79.7,49.7,33.24,8.51,1.14,2.89
Arkansas,1639829,1686444,1755536,47147,51636,52618,73.8,75.7,75.6,0.42,0.054,0.262,0.159,0.014,0.091,0.411,0.056,0.27,0.156,0.015,0.092,58.43,2915918,3011524,40.1,9.3,284.3,38.2,9.7,3.7,12.2,"6,500",215.4,"6,132",203.2,368,12.2,3054,2199,1434,11285,15391,8969,165324,952344,125929,211199,62.7,92.6,51.2,78.3,30.2,44.3,55.4,266250,1533720,159188,282457,69.6,95.0,56.7,83.8,44.2,59.8,69.9,46.0,53.0,29.7,False,165324,952344,125929,211199,62.7,92.6,51.2,78.3,30.2,44.3,55.4,266250,1533720,159188,282457,69.6,95.0,56.7,83.8,44.2,59.8,69.9,46.0,53.0,29.7,07/20/2020,Yes,53.71665448,65.26068462,29.37,0.72,11.52,5.41,5.81,2.08,0.11,58.48,68.32,80.59,44.19,30.78,7.73,1.49,1.0
California,23154091,23934549,25300974,70061,76991,77036,79.0,80.9,80.8,0.48,0.066,0.253,0.114,0.009,0.078,0.47,0.07,0.265,0.117,0.008,0.07,258.21,37253956,39538223,40.7,7.8,192.5,26.6,4.2,2.8,9.4,"113,718",287.8,"107,383",271.8,"6,333",16.0,17241,13434,1029,93875,133206,89195,193006,1306260,167055,246904,82.9,95.0,66.2,86.8,33.5,48.6,58.0,293125,1983860,219183,338897,84.3,95.0,74.4,92.7,58.4,73.6,81.2,54.9,63.0,41.8,False,193006,1306260,167055,246904,82.9,95.0,66.2,86.8,33.5,48.6,58.0,293125,1983860,219183,338897,84.3,95.0,74.4,92.7,58.4,73.6,81.2,54.9,63.0,41.8,07/18/2020,Yes,35.63446523,72.00748615,25.46,1.83,6.79,8.18,7.48,0.77,1.98,75.91,78.55,80.42,72.73,20.95,3.63,1.23,1.18
Colorado,3821481,3988907,4187944,64852,71923,75722,78.3,80.0,80.0,0.534,0.069,0.168,0.128,0.023,0.078,0.513,0.07,0.185,0.131,0.022,0.08,57.86,5029196,5773714,45.6,9.7,175.0,24.6,4.3,1.7,6.6,"16,956",294.4,"15,270",265.2,"1,685",29.3,1509,732,813,14544,16622,13179,188504,1288620,165766,252436,74.7,95.0,66.3,89.2,41.1,60.2,70.7,292906,2002310,221665,368898,83.3,95.0,73.2,95.0,57.2,73.3,80.7,60.9,69.0,49.3,False,188504,1288620,165766,252436,74.7,95.0,66.3,89.2,41.1,60.2,70.7,292906,2002310,221665,368898,83.3,95.0,73.2,95.0,57.2,73.3,80.7,60.9,69.0,49.3,07/17/2020,Yes,42.54302587,65.00781333,23.76,0.11,6.14,5.54,4.06,0.57,1.11,64.23,71.81,72.36,55.87,24.53,4.36,2.43,0.63
Connecticut,2217432,2289551,2391946,77383,80691,82938,78.4,80.3,80.4,0.529,0.048,0.215,0.141,0.007,0.059,0.519,0.055,0.226,0.141,0.007,0.051,746.7,3574097,3605944,47.1,10.8,182.5,27.6,4.6,2.1,8.3,"12,977",364.0,"12,453",349.3,523,14.7,2973,1599,1428,12579,5581,5712,208163,1177580,186849,270540,88.8,95.0,74.7,94.6,38.4,55.4,66.3,320343,1812180,249167,386377,95.0,95.0,82.8,95.0,55.2,69.4,76.2,54.0,63.6,54.1,False,208163,1177580,186849,270540,88.8,95.0,74.7,94.6,38.4,55.4,66.3,320343,1812180,249167,386377,95.0,95.0,82.8,95.0,55.2,69.4,76.2,54.0,63.6,54.1,04/17/2020,Yes,34.98302227,65.86341158,22.59,1.03,5.82,3.91,6.34,1.12,0.59,75.51,80.05,80.98,63.79,21.64,3.0,0.0,1.95
Delaware,592126,620352,651224,55778,58889,63243,76.7,78.1,77.8,0.497,0.041,0.204,0.173,0.018,0.066,0.488,0.062,0.206,0.176,0.012,0.057,522.09,897934,989948,40.9,9.8,214.3,32.4,7.3,3.7,10.9,"2,850",292.7,"2,484",255.1,366,37.6,1062,1263,258,3090,3433,2661,202975,1046290,163053,259503,76.8,95.0,64.3,92.9,34.7,49.4,59.8,325499,1677870,217754,366151,87.7,95.0,72.9,95.0,50.9,65.4,74.1,52.0,60.0,45.5,False,202975,1046290,163053,259503,76.8,95.0,64.3,92.9,34.7,49.4,59.8,325499,1677870,217754,366151,87.7,95.0,72.9,95.0,50.9,65.4,74.1,52.0,60.0,45.5,09/16/2020,Yes,37.65880073,69.64804366,20.87,0.25,9.19,4.16,7.08,0.26,1.93,71.74,78.93,80.19,62.67,26.99,5.65,0.8,0.46
Florida,12719592,13458025,14227252,56561,63078,64806,77.5,79.0,78.9,0.403,0.095,0.174,0.18,0.017,0.131,0.4,0.104,0.178,0.179,0.017,0.121,416.96,18801310,21538187,33.3,7.3,195.1,28.8,6.6,3.4,9.4,"58,822",273.9,"53,328",248.3,"5,486",25.5,8355,7782,594,59091,101421,44607,189207,903586,157078,249231,74.6,95.0,63.4,88.9,31.7,45.0,53.8,274608,1311430,193199,317316,82.1,95.0,69.2,93.9,43.6,58.0,65.9,42.9,49.5,25.7,False,189207,903586,157078,249231,74.6,95.0,63.4,88.9,31.7,45.0,53.8,274608,1311430,193199,317316,82.1,95.0,69.2,93.9,43.6,58.0,65.9,42.9,49.5,25.7,,No,44.21308264,50.42927933,20.56,2.38,6.52,5.36,5.4,2.16,2.84,74.35,77.23,82.06,62.03,20.63,4.03,0.71,0.38
Georgia,6326647,6639656,6971461,51469,56184,56589,75.6,77.4,77.2,0.489,0.056,0.173,0.126,0.022,0.134,0.483,0.061,0.18,0.127,0.022,0.127,191.59,9687653,10711908,34.9,7.6,234.3,33.0,7.0,3.6,11.2,"25,072",236.1,"23,832",224.5,"1,237",11.7,1920,4950,1095,34944,54047,31128,172562,1207790,125950,217166,61.4,92.3,51.1,80.8,28.2,40.1,48.6,258794,1811340,158505,284715,68.1,95.0,57.1,86.4,43.7,58.3,67.1,42.1,48.7,26.6,False,172562,1207790,125950,217166,61.4,92.3,51.1,80.8,28.2,40.1,48.6,258794,1811340,158505,284715,68.1,95.0,57.1,86.4,43.7,58.3,67.1,42.1,48.7,26.6,,No,45.73159285,53.05338613,26.13,1.61,10.16,6.98,5.9,0.74,1.95,68.43,74.87,80.63,56.09,24.45,6.15,1.07,1.49
Hawaii,817697,861096,903622,57036,61464,61779,80.7,80.9,81.0,0.543,0.041,0.176,0.159,0.04,0.041,0.51,0.045,0.204,0.161,0.044,0.037,231.01,1360301,1455271,42.1,9.7,169.8,27.7,4.0,2.6,9.3,"4,557",321.9,"4,293",303.2,264,18.6,1239,1038,1032,1011,2323,2781,210350,1109450,158566,227844,88.3,95.0,63.6,90.1,18.1,26.3,32.4,314206,1657220,243766,361375,91.1,95.0,81.3,95.0,59.2,77.0,84.5,58.2,66.3,45.6,False,210350,1109450,158566,227844,88.3,95.0,63.6,90.1,18.1,26.3,32.4,314206,1657220,243766,361375,91.1,95.0,81.3,95.0,59.2,77.0,84.5,58.2,66.3,45.6,03/16/2020,Yes,32.42392505,39.73172224,32.24,0.0,9.02,3.94,6.61,0.76,2.02,66.93,77.33,84.48,72.97,24.95,7.0,2.46,0.79
Idaho,1077864,1137618,1190624,49691,54148,56614,78.4,79.5,79.0,0.49,0.086,0.156,0.15,0.014,0.105,0.479,0.066,0.201,0.149,0.018,0.085,23.24,1567582,1839106,36.5,9.9,197.4,28.7,4.7,2.7,9.3,"3,504",196.1,"2,973",166.4,531,29.7,1377,1017,759,4173,7668,4608,160253,985248,113396,228087,52.2,92.8,46.3,84.8,38.4,51.2,60.6,253902,1561010,158773,309595,63.7,95.0,56.3,90.3,48.3,64.5,72.6,52.5,59.3,37.7,False,160253,985248,113396,228087,52.2,92.8,46.3,84.8,38.4,51.2,60.6,253902,1561010,158773,309595,63.7,95.0,56.3,90.3,48.3,64.5,72.6,52.5,59.3,37.7,,No,52.36569966,64.50554521,32.86,1.2,12.32,6.43,7.32,1.3,1.64,54.46,66.59,74.45,30.09,31.51,4.94,2.72,0.81
Illinois,7519019,7749727,8094358,61587,67278,67655,76.8,79.0,78.8,0.546,0.052,0.182,0.141,0.007,0.073,0.532,0.052,0.198,0.143,0.007,0.069,230.68,12830632,12812508,37.3,8.3,216.4,29.7,5.3,2.4,10.0,"37,122",292.9,"34,485",272.1,"2,630",20.8,6921,5814,807,46827,29262,28831,183299,1136790,156557,237033,72.2,95.0,64.2,86.7,38.8,56.0,67.9,288727,1790640,208022,333360,78.9,95.0,71.0,91.1,56.6,73.2,82.2,56.6,64.9,44.6,False,183299,1136790,156557,237033,72.2,95.0,64.2,86.7,38.8,56.0,67.9,288727,1790640,208022,333360,78.9,95.0,71.0,91.1,56.6,73.2,82.2,56.6,64.9,44.6,6/26/2020,Yes,36.43386614,63.36883173,24.87,2.18,7.1,5.67,2.99,1.28,2.07,65.83,73.38,81.17,52.97,21.41,4.54,1.66,0.53
Indiana,3843114,3978425,4140665,51719,56934,58323,75.0,77.0,76.8,0.533,0.044,0.177,0.148,0.01,0.088,0.525,0.045,0.198,0.148,0.009,0.075,191.93,6483802,6785528,40.3,9.8,238.5,32.4,8.3,3.1,11.2,"15,918",236.4,"14,662",217.8,"1,255",18.6,5727,3183,777,23626,23137,14515,164117,1017620,126875,231423,58.0,91.1,52.1,85.6,35.6,49.2,59.6,266356,1651560,163521,310634,64.2,95.0,57.6,89.6,50.6,65.4,74.9,44.4,52.2,28.7,False,164117,1017620,126875,231423,58.0,91.1,52.1,85.6,35.6,49.2,59.6,266356,1651560,163521,310634,64.2,95.0,57.6,89.6,50.6,65.4,74.9,44.4,52.2,28.7,07/27/2020,Yes,52.74706422,70.95425228,30.02,1.28,8.68,6.73,4.59,0.9,1.28,66.99,74.87,80.7,48.95,25.69,6.37,1.23,1.23
Iowa,2009821,2053873,2113995,52586,58049,60222,77.5,79.0,79.2,0.544,0.049,0.195,0.156,0.009,0.047,0.533,0.053,0.2,0.156,0.008,0.049,57.89,3046355,3190369,46.7,8.1,222.4,29.2,5.5,1.9,9.1,"7,056",223.6,"5,669",179.7,"1,387",44.0,2907,1899,1662,10192,6274,5353,179396,1023610,146949,255858,65.0,95.0,59.0,91.5,44.7,62.1,73.0,282158,1609950,190630,356667,70.4,95.0,64.2,95.0,57.1,73.6,82.2,58.8,67.6,49.8,False,179396,1023610,146949,255858,65.0,95.0,59.0,91.5,44.7,62.1,73.0,282158,1609950,190630,356667,70.4,95.0,64.2,95.0,57.1,73.6,82.2,58.8,67.6,49.8,11/17/2020,Yes,44.40731976,53.0179294,31.21,1.28,7.8,3.86,6.71,0.86,0.68,59.68,69.0,74.2,35.61,31.56,6.08,1.04,1.05
Kansas,1878887,1920925,1982258,55041,58569,60424,76.4,78.2,78.0,0.543,0.056,0.139,0.15,0.02,0.092,0.53,0.06,0.152,0.147,0.019,0.092,36.24,2853118,2937880,44.6,10.0,216.8,31.6,6.0,2.5,9.8,"6,874",236.0,"6,054",207.8,820,28.1,2109,1428,975,8947,7999,7332,178349,1092740,140263,241990,69.4,95.0,57.1,88.2,33.8,48.5,58.3,273256,1674240,181329,327654,75.9,95.0,65.0,95.0,48.7,64.1,72.8,51.2,59.1,39.7,False,178349,1092740,140263,241990,69.4,95.0,57.1,88.2,33.8,48.5,58.3,273256,1674240,181329,327654,75.9,95.0,65.0,95.0,48.7,64.1,72.8,51.2,59.1,39.7,07/02/2020,Yes,48.28963642,68.61736351,28.13,1.03,10.15,5.21,5.42,0.38,0.86,66.13,71.45,83.33,47.42,29.66,4.43,2.39,0.73
Kentucky,2471693,2558304,2658979,47026,51561,51921,73.5,75.5,75.3,0.47,0.039,0.255,0.158,0.014,0.064,0.445,0.043,0.289,0.154,0.012,0.056,115.38,4339367,4505836,40.2,9.3,253.8,38.0,9.7,3.5,11.7,"10,528",235.6,"9,758",218.4,770,17.2,2790,1716,783,13714,22053,13818,166704,992294,132155,225141,62.5,94.8,54.3,84.5,35.6,50.1,60.7,259400,1544060,165467,296677,68.6,95.0,59.4,89.1,48.2,63.0,72.3,47.1,54.6,32.5,False,166704,992294,132155,225141,62.5,94.8,54.3,84.5,35.6,50.1,60.7,259400,1544060,165467,296677,68.6,95.0,59.4,89.1,48.2,63.0,72.3,47.1,54.6,32.5,07/09/2020,Yes,53.5164255,78.97322561,28.56,1.36,7.1,5.0,3.91,2.48,1.15,67.8,72.6,81.01,43.28,30.03,5.39,1.43,0.11
Louisiana,2592841,2694974,2784711,50243,54531,54501,73.1,75.7,75.6,0.418,0.049,0.293,0.137,0.014,0.089,0.407,0.047,0.32,0.136,0.015,0.075,108.67,4533372,4657757,36.8,7.8,264.0,37.7,8.2,3.8,11.4,"12,557",270.1,"12,261",263.7,296,6.4,3459,4914,2127,22368,23153,10601,147839,927469,121579,222462,57.5,89.9,50.3,84.9,30.9,44.3,55.2,214189,1343710,147782,277229,62.7,92.6,54.9,87.2,42.9,59.0,69.2,38.9,45.2,20.5,False,147839,927469,121579,222462,57.5,89.9,50.3,84.9,30.9,44.3,55.2,214189,1343710,147782,277229,62.7,92.6,54.9,87.2,42.9,59.0,69.2,38.9,45.2,20.5,07/11/2020,Yes,51.77452449,68.13177778,26.95,0.68,12.57,5.3,7.4,1.14,3.52,64.0,70.7,77.88,48.33,28.95,6.11,1.54,0.14
Maine,813101,849493,877326,54301,58687,60599,77.8,78.3,78.6,0.465,0.057,0.2,0.183,0.015,0.081,0.487,0.066,0.195,0.185,0.014,0.054,44.5,1328361,1362359,42.6,12.4,187.6,31.5,7.8,2.5,8.7,"4,459",331.7,"3,691",274.6,768,57.1,1017,561,639,1769,4347,3875,216432,1019860,187260,271903,86.0,95.0,75.9,95.0,44.5,60.4,70.2,351059,1654240,257280,411177,95.0,95.0,83.0,95.0,60.6,73.8,81.4,61.9,71.1,62.8,False,216432,1019860,187260,271903,86.0,95.0,75.9,95.0,44.5,60.4,70.2,351059,1654240,257280,411177,95.0,95.0,83.0,95.0,60.6,73.8,81.4,61.9,71.1,62.8,05/01/2020,Yes,44.42328649,69.00011156,29.26,0.97,7.47,2.24,2.98,0.53,0.82,65.21,80.31,79.76,47.47,26.73,3.55,1.26,0.63
Maryland,3621705,3750161,3886891,64825,69052,70228,76.8,78.5,78.5,0.547,0.054,0.187,0.133,0.019,0.059,0.53,0.056,0.203,0.132,0.019,0.061,648.84,5773552,6177224,47.9,9.1,217.9,31.7,4.9,2.5,9.8,"23,791",393.5,"22,915",379.0,876,14.5,3399,2790,849,17226,10650,5987,219723,1384600,173151,251393,80.6,95.0,70.5,92.5,38.0,55.0,66.1,352096,2218750,238425,369914,91.3,95.0,79.4,95.0,56.3,72.1,80.0,59.5,68.4,49.6,False,219723,1384600,173151,251393,80.6,95.0,70.5,92.5,38.0,55.0,66.1,352096,2218750,238425,369914,91.3,95.0,79.4,95.0,56.3,72.1,80.0,59.5,68.4,49.6,07/31/2020,Yes,37.82593525,78.18148216,22.63,0.99,5.46,4.62,4.53,2.09,2.24,75.35,84.12,80.41,71.63,21.26,3.53,0.93,0.35
Massachusetts,4600264,4777326,5002244,77393,83461,84561,79.0,80.4,80.1,0.559,0.054,0.221,0.131,0.005,0.03,0.547,0.06,0.232,0.134,0.004,0.025,919.82,6547629,7029917,48.9,10.3,168.2,25.6,4.4,2.1,7.4,"32,116",466.0,"31,123",451.5,990,14.4,3909,2421,756,18853,8186,9989,212958,1255260,189036,260842,90.8,95.0,74.7,92.8,38.7,53.4,62.7,327029,1927640,257747,382085,95.0,95.0,83.8,95.0,56.1,68.4,74.8,54.8,62.7,58.2,False,212958,1255260,189036,260842,90.8,95.0,74.7,92.8,38.7,53.4,62.7,327029,1927640,257747,382085,95.0,95.0,83.8,95.0,56.1,68.4,74.8,54.8,62.7,58.2,05/06/2020,Yes,37.29186285,78.82541395,24.38,0.99,7.37,5.24,4.3,0.63,2.31,71.5,76.01,80.92,65.23,21.9,6.71,0.96,0.23
Michigan,5387741,5601637,5864009,52786,56601,57038,76.0,78.0,77.7,0.509,0.052,0.217,0.159,0.006,0.058,0.5,0.049,0.235,0.159,0.005,0.051,179.26,9883640,10077331,38.2,11.3,250.0,31.9,7.3,3.0,9.6,"30,040",300.8,"24,534",245.7,"5,499",55.1,4251,4335,2025,37989,33854,19193,180379,1020400,140361,234539,63.5,94.6,56.9,86.4,41.9,56.7,67.3,282332,1597150,184241,324496,69.3,95.0,62.2,91.2,58.4,71.7,79.7,54.0,62.2,42.0,False,180379,1020400,140361,234539,63.5,94.6,56.9,86.4,41.9,56.7,67.3,282332,1597150,184241,324496,69.3,95.0,62.2,91.2,58.4,71.7,79.7,54.0,62.2,42.0,10/05/2020,Yes,38.7530223,63.64501204,21.91,0.54,4.17,3.38,4.3,0.75,0.74,75.39,80.21,81.26,60.12,21.39,3.16,0.82,0.7
Minnesota,3607496,3711807,3844786,61278,66846,68840,79.1,80.4,80.5,0.578,0.052,0.169,0.147,0.007,0.048,0.559,0.055,0.185,0.153,0.006,0.043,73.18,5303925,5706494,44.5,8.3,166.2,26.3,4.0,2.2,7.8,"17,617",312.4,"16,702",296.2,915,16.2,2673,2577,1680,12675,10065,7544,192164,1177480,162478,263386,71.5,95.0,65.5,94.7,46.5,64.9,75.8,310037,1899750,222248,387589,78.5,95.0,71.9,95.0,62.8,78.5,86.1,65.1,73.3,59.1,False,192164,1177480,162478,263386,71.5,95.0,65.5,94.7,46.5,64.9,75.8,310037,1899750,222248,387589,78.5,95.0,71.9,95.0,62.8,78.5,86.1,65.1,73.3,59.1,07/25/2020,Yes,45.61428607,71.86125734,27.77,0.29,8.81,4.11,3.22,0.0,2.72,66.78,75.85,77.64,44.36,25.92,5.43,1.25,0.64
Mississippi,1573290,1625695,1674142,42513,46577,46370,71.9,74.4,74.6,0.422,0.047,0.242,0.142,0.018,0.129,0.421,0.055,0.24,0.145,0.02,0.119,63.07,2967297,2961279,37.3,9.8,299.6,41.2,8.8,2.7,13.4,"5,857",196.8,"5,370",180.4,487,16.4,1236,2238,1809,16039,18507,10467,154010,941780,113848,210412,55.3,89.1,48.1,81.7,24.8,37.3,48.2,234096,1431510,142742,269552,61.5,93.6,53.6,86.0,40.9,56.8,66.7,37.3,43.2,18.4,False,154010,941780,113848,210412,55.3,89.1,48.1,81.7,24.8,37.3,48.2,234096,1431510,142742,269552,61.5,93.6,53.6,86.0,40.9,56.8,66.7,37.3,43.2,18.4,,No,45.814835,56.12251615,33.06,2.58,14.79,6.85,3.68,2.37,0.13,57.3,63.66,81.78,54.11,27.52,6.34,1.86,0.89
Missouri,3692620,3796384,3934395,52095,56073,57818,75.1,76.9,76.6,0.52,0.057,0.144,0.164,0.013,0.101,0.521,0.062,0.147,0.164,0.013,0.093,90.26,5988927,6154913,43.8,10.2,238.1,28.0,7.9,2.8,9.0,"18,297",298.1,"14,888",242.6,"3,408",55.5,5193,5424,1161,22531,20036,13811,161161,931338,132149,224822,62.4,93.8,53.1,82.4,33.8,47.5,58.1,244287,1411710,168455,302662,69.1,95.0,58.8,88.4,47.2,61.5,71.0,50.8,58.1,36.2,False,161161,931338,132149,224822,62.4,93.8,53.1,82.4,33.8,47.5,58.1,244287,1411710,168455,302662,69.1,95.0,58.8,88.4,47.2,61.5,71.0,50.8,58.1,36.2,,No,50.26974148,60.48049977,28.58,0.92,11.5,8.09,5.77,0.45,0.52,57.1,73.3,80.01,45.23,31.69,8.54,1.86,1.41
Montana,684052,716176,746194,53546,58344,60984,76.8,78.4,78.7,0.43,0.08,0.208,0.181,0.018,0.083,0.437,0.084,0.198,0.176,0.025,0.08,7.64,989415,1084225,40.6,10.0,199.9,26.1,5.9,2.1,6.4,"2,750",257.3,"2,474",231.5,276,25.8,1050,501,900,3689,5394,2864,161588,836582,135133,229758,62.1,93.3,54.0,84.2,39.8,54.3,63.4,243902,1262750,171298,307419,68.0,95.0,59.0,89.1,52.1,66.0,73.9,51.6,58.4,35.0,False,161588,836582,135133,229758,62.1,93.3,54.0,84.2,39.8,54.3,63.4,243902,1262750,171298,307419,68.0,95.0,59.0,89.1,52.1,66.0,73.9,51.6,58.4,35.0,07/15/2020,Yes,50.01686517,58.74981819,36.29,1.09,14.46,7.05,10.45,2.21,2.22,50.66,64.07,69.66,31.81,42.28,10.3,2.11,0.0
Nebraska,1305651,1334434,1372111,56733,62682,64268,77.7,79.2,79.1,0.568,0.069,0.126,0.142,0.016,0.079,0.553,0.067,0.149,0.142,0.018,0.07,26.06,1826341,1961504,47.6,8.1,194.2,28.9,5.2,2.2,9.2,"4,820",249.2,"4,537",234.5,283,14.6,1701,1392,756,5520,3752,3298,176676,1093790,147694,253230,66.4,95.0,59.9,90.4,40.1,57.6,68.2,270319,1673530,193113,349164,73.1,95.0,66.0,95.0,55.1,71.7,80.2,55.5,63.4,41.8,False,176676,1093790,147694,253230,66.4,95.0,59.9,90.4,40.1,57.6,68.2,270319,1673530,193113,349164,73.1,95.0,66.0,95.0,55.1,71.7,80.2,55.5,63.4,41.8,,No,53.27967789,62.50907636,35.42,2.97,14.25,6.52,4.23,1.91,1.03,56.43,65.71,78.06,42.17,35.56,6.29,2.75,0.53
Nevada,1770886,1912872,2061871,54650,61024,62085,76.3,78.0,77.9,0.495,0.055,0.178,0.14,0.017,0.115,0.463,0.06,0.208,0.141,0.015,0.114,29.38,2700551,3104614,30.7,9.3,252.2,30.5,7.3,2.7,9.9,"6,731",218.5,"5,648",183.4,"1,083",35.2,2805,1014,516,8988,13442,7256,165471,1027630,140524,222076,69.6,95.0,56.5,81.3,29.4,44.2,54.7,240693,1494790,178752,297854,77.3,95.0,63.5,88.9,43.5,59.6,68.3,46.9,54.6,32.3,False,165471,1027630,140524,222076,69.6,95.0,56.5,81.3,29.4,44.2,54.7,240693,1494790,178752,297854,77.3,95.0,63.5,88.9,43.5,59.6,68.3,46.9,54.6,32.3,06/24/2020,Yes,41.50102248,60.44032705,24.66,0.43,7.91,4.88,6.09,1.19,3.78,66.91,77.87,86.0,53.92,20.06,4.3,1.18,1.36
New Hampshire,858471,894739,933022,67883,72214,73910,79.0,79.4,79.1,0.562,0.053,0.132,0.177,0.012,0.064,0.577,0.05,0.135,0.176,0.012,0.05,155.91,1316470,1377529,45.4,11.3,185.0,28.1,5.4,2.4,8.0,"4,391",322.9,"3,996",293.9,395,29.1,1011,879,453,2019,2104,2948,216114,1157520,176911,263865,95.0,95.0,67.3,92.5,14.4,18.3,19.8,356299,1908360,213731,350009,87.5,95.0,71.5,95.0,54.4,66.0,73.3,51.3,60.5,50.7,False,216114,1157520,176911,263865,95.0,95.0,67.3,92.5,14.4,18.3,19.8,356299,1908360,213731,350009,87.5,95.0,71.5,95.0,54.4,66.0,73.3,51.3,60.5,50.7,11/20/2020,Yes,39.45072947,72.76966438,28.52,0.29,7.71,6.38,2.96,0.08,0.32,66.26,76.93,81.28,54.49,27.94,5.84,2.95,0.53
New Jersey,5319454,5585214,5905843,70957,76079,77199,77.5,80.1,79.8,0.557,0.054,0.166,0.138,0.005,0.079,0.546,0.057,0.184,0.138,0.004,0.072,"1,283.4",8791894,9288994,38.0,8.4,202.7,33.0,5.2,52.1,9.5,"27,832",313.3,"24,622",277.2,"3,208",36.1,7344,6069,1227,43504,15279,12623,210259,1265690,168844,238218,83.9,95.0,70.6,89.9,34.2,48.6,58.1,317756,1912780,219584,324072,94.3,95.0,78.8,95.0,51.6,64.9,72.2,44.9,53.7,35.1,True,210259,1265690,168844,238218,83.9,95.0,70.6,89.9,34.2,48.6,58.1,317756,1912780,219584,324072,94.3,95.0,78.8,95.0,51.6,64.9,72.2,44.9,53.7,35.1,07-08-2020,Yes,39.62580678,66.61313696,22.15,1.24,9.04,5.41,6.84,0.6,2.7,76.9,81.66,81.76,78.33,21.26,5.09,1.18,0.26
New Mexico,1069531,1092639,1139488,46631,51141,52194,74.5,76.9,77.2,0.366,0.04,0.327,0.15,0.018,0.098,0.34,0.044,0.344,0.156,0.016,0.1,17.6,2059179,2117522,40.7,8.3,204.0,28.9,5.0,3.3,11.0,"5,269",251.3,"4,929",235.1,340,16.2,1473,1431,1182,8745,11169,6630,180669,1003250,164701,245883,80.9,95.0,66.3,91.0,39.3,54.9,62.4,282077,1566360,221732,353948,93.8,95.0,74.9,95.0,54.3,66.9,72.4,56.0,63.7,47.5,False,180669,1003250,164701,245883,80.9,95.0,66.3,91.0,39.3,54.9,62.4,282077,1566360,221732,353948,93.8,95.0,74.9,95.0,54.3,66.9,72.4,56.0,63.7,47.5,05/16/2020,Yes,46.1695122,66.35246641,31.33,2.13,15.58,7.82,2.58,4.09,1.4,61.79,78.23,82.5,48.0,38.47,12.14,0.41,0.23
New York,11871619,12227874,12892046,69873,75948,75407,77.7,80.7,80.5,0.498,0.058,0.257,0.13,0.004,0.053,0.476,0.059,0.276,0.133,0.004,0.052,433.9,19378102,20201249,43.5,9.3,208.1,27.1,5.2,2.3,9.4,"75,749",389.4,"71,442",367.2,"4,300",22.1,4704,5727,1731,39043,29370,20644,200845,1185370,176840,241418,84.2,95.0,71.9,88.8,33.1,48.2,58.4,301630,1780200,228333,327336,94.1,95.0,80.5,95.0,48.7,63.2,71.0,45.1,54.1,37.0,False,200845,1185370,176840,241418,84.2,95.0,71.9,88.8,33.1,48.2,58.4,301630,1780200,228333,327336,94.1,95.0,80.5,95.0,48.7,63.2,71.0,45.1,54.1,37.0,04/17/2020,Yes,36.2417933,69.47577382,12.89,1.07,3.81,3.79,4.22,1.7,2.73,80.17,80.41,83.82,77.42,21.31,3.55,1.09,0.5
North Carolina,6054937,6318605,6602041,51781,56705,58109,76.1,77.6,77.6,0.463,0.067,0.179,0.153,0.024,0.114,0.46,0.069,0.188,0.155,0.025,0.104,220.3,9535483,10439388,47.1,8.2,212.1,32.4,7.0,3.6,10.6,"27,650",263.6,"26,024",248.1,"1,626",15.5,4542,3357,1641,25087,41485,28192,179568,1075510,142771,234140,76.7,95.0,56.8,84.8,20.3,29.0,34.5,275481,1649980,183169,316458,91.6,95.0,66.8,95.0,31.6,41.0,45.9,33.0,36.5,35.6,False,179568,1075510,142771,234140,76.7,95.0,56.8,84.8,20.3,29.0,34.5,275481,1649980,183169,316458,91.6,95.0,66.8,95.0,31.6,41.0,45.9,33.0,36.5,35.6,06/24/2020,Yes,47.80062006,59.18365387,26.75,0.98,10.38,7.53,10.05,0.87,1.76,66.88,70.54,82.23,44.16,24.79,4.96,2.0,0.39
North Dakota,560448,567834,587819,61091,65895,70360,76.9,78.8,79.3,0.557,0.09,0.122,0.138,0.021,0.074,0.575,0.079,0.098,0.144,0.027,0.077,11.75,672591,779094,46.1,8.2,198.6,28.4,4.9,2.5,8.3,"1,826",239.6,"1,722",226.0,104,13.6,1161,822,1341,3384,1605,975,156168,993033,133326,238614,62.3,95.0,52.6,84.5,36.5,53.5,64.8,238747,1518130,169041,317086,69.1,95.0,58.4,91.4,48.3,64.2,73.9,48.9,55.9,42.4,False,156168,993033,133326,238614,62.3,95.0,52.6,84.5,36.5,53.5,64.8,238747,1518130,169041,317086,69.1,95.0,58.4,91.4,48.3,64.2,73.9,48.9,55.9,42.4,11/14/2020,Yes,52.92239742,66.06417743,43.51,1.23,22.98,8.52,3.98,0.48,0.0,45.77,59.67,67.59,25.32,42.43,12.97,2.58,0.4
Ohio,6852979,7048306,7305177,52879,57026,57777,75.3,76.9,76.8,0.526,0.04,0.2,0.159,0.008,0.067,0.507,0.044,0.216,0.16,0.008,0.065,290.7,11536504,11799448,40.4,11.3,247.8,31.5,8.1,2.8,10.3,"35,333",302.3,"30,747",263.0,"4,583",39.2,12048,6849,405,36581,41610,22534,169559,968563,136764,234510,60.5,91.2,55.3,86.1,41.5,56.0,66.3,258135,1474540,177234,319688,65.5,94.5,60.3,89.4,56.3,70.9,79.7,53.6,61.3,38.6,False,169559,968563,136764,234510,60.5,91.2,55.3,86.1,41.5,56.0,66.3,258135,1474540,177234,319688,65.5,94.5,60.3,89.4,56.3,70.9,79.7,53.6,61.3,38.6,07/23/2020,Yes,52.76282814,82.11979606,30.21,0.79,7.15,5.61,5.59,1.37,1.9,69.93,74.65,81.7,44.11,24.83,5.8,1.31,0.45
Oklahoma,2266945,2314387,2412886,50249,55165,56298,74.1,75.7,75.6,0.455,0.055,0.17,0.151,0.02,0.149,0.429,0.055,0.201,0.155,0.023,0.138,58.63,3751351,3959353,42.9,10.3,285.7,35.5,8.1,3.6,11.1,"8,293",209.6,"6,474",163.6,"1,815",45.9,2187,3693,1587,13180,18822,13561,158151,985305,134545,233955,66.1,95.0,53.6,84.5,30.1,44.7,55.8,235254,1465670,168324,307566,74.3,95.0,60.2,93.1,41.4,56.7,66.3,43.0,49.9,32.4,False,158151,985305,134545,233955,66.1,95.0,53.6,84.5,30.1,44.7,55.8,235254,1465670,168324,307566,74.3,95.0,60.2,93.1,41.4,56.7,66.3,43.0,49.9,32.4,,No,52.21829413,52.61370838,33.28,0.74,14.45,7.5,7.17,1.96,1.06,58.34,66.18,78.4,41.41,35.39,5.45,2.22,1.46
Oregon,2493432,2559698,2658285,56507,61646,62303,78.8,79.6,79.7,0.493,0.057,0.208,0.162,0.009,0.071,0.473,0.056,0.238,0.163,0.009,0.061,45.41,3831074,4237256,40.6,11.2,189.6,27.6,5.5,2.7,7.5,"13,127",311.2,"12,084",286.5,"1,042",24.7,2709,690,1848,6982,16349,15310,201257,1108040,162469,239733,74.1,95.0,66.5,89.2,39.4,55.9,66.6,318776,1755060,217336,343034,81.2,95.0,72.1,94.1,58.4,72.3,80.1,59.8,66.5,42.6,False,201257,1108040,162469,239733,74.1,95.0,66.5,89.2,39.4,55.9,66.6,318776,1755060,217336,343034,81.2,95.0,72.1,94.1,58.4,72.3,80.1,59.8,66.5,42.6,07/01/2020,Yes,35.14511047,62.07507822,26.34,0.22,8.96,5.62,3.21,1.03,2.78,65.05,78.51,77.36,50.35,25.57,3.56,1.39,1.73
Pennsylvania,7412855,7650343,7978320,60320,64042,64506,76.8,78.3,78.1,0.518,0.051,0.202,0.163,0.008,0.057,0.516,0.053,0.208,0.163,0.005,0.054,292.62,12702379,13002700,45.2,11.2,221.6,29.5,6.3,2.6,9.2,"42,051",328.5,"36,134",282.3,"5,916",46.2,9300,3981,357,39980,40867,25054,200560,1072790,157190,246969,78.3,95.0,63.9,91.0,32.0,45.2,55.0,317009,1695670,210326,345223,90.1,95.0,72.9,95.0,47.0,60.4,68.3,47.8,55.0,40.4,False,200560,1072790,157190,246969,78.3,95.0,63.9,91.0,32.0,45.2,55.0,317009,1695670,210326,345223,90.1,95.0,72.9,95.0,47.0,60.4,68.3,47.8,55.0,40.4,07/01/2020,Yes,40.30827695,59.68791472,20.67,0.94,6.96,3.54,5.81,0.65,2.43,72.12,74.82,79.91,63.97,23.24,4.53,1.52,0.26
Rhode Island,615668,640257,668802,59066,63663,63557,78.2,79.5,79.8,0.54,0.059,0.205,0.146,0.008,0.043,0.505,0.056,0.239,0.151,0.005,0.043,"1,074.3",1052567,1097379,48.8,11.2,201.8,30.3,6.2,2.2,9.1,"4,063",383.5,"3,805",359.2,257,24.3,1068,942,945,3531,2168,1185,215457,1220270,184847,271955,89.3,95.0,76.6,95.0,42.5,59.9,70.7,319220,1807950,246414,383600,95.0,95.0,87.4,95.0,57.8,73.1,80.8,53.5,63.1,53.3,False,215457,1220270,184847,271955,89.3,95.0,76.6,95.0,42.5,59.9,70.7,319220,1807950,246414,383600,95.0,95.0,87.4,95.0,57.8,73.1,80.8,53.5,63.1,53.3,05-08-2020,Yes,39.59582032,74.10668996,22.94,1.98,5.35,6.08,4.19,3.01,1.92,75.18,77.61,75.96,71.56,21.98,4.92,0.15,0.58
South Carolina,2825233,2938337,3067127,48772,52828,53618,74.8,76.8,76.5,0.454,0.061,0.188,0.168,0.022,0.108,0.439,0.068,0.201,0.17,0.022,0.1,175.19,4625364,5118425,40.0,9.6,223.7,34.6,7.4,2.6,11.6,"12,197",236.9,"11,364",220.7,833,16.2,1383,2967,888,20713,26110,15145,171136,940350,130744,229686,62.9,95.0,53.2,85.2,31.4,44.6,55.0,262622,1443040,165534,300689,70.7,95.0,59.7,91.4,44.4,59.2,68.5,42.9,49.3,29.9,False,171136,940350,130744,229686,62.9,95.0,53.2,85.2,31.4,44.6,55.0,262622,1443040,165534,300689,70.7,95.0,59.7,91.4,44.4,59.2,68.5,42.9,49.3,29.9,,No,48.18559621,51.44569933,29.42,0.25,10.17,6.69,6.24,1.65,0.74,65.56,72.77,82.21,41.02,30.59,5.07,1.25,1.12
South Dakota,606246,625510,647960,59465,65421,68176,76.7,78.4,78.9,0.515,0.083,0.128,0.161,0.018,0.096,0.498,0.088,0.138,0.155,0.027,0.094,11.98,814180,886667,47.0,8.5,208.4,28.2,5.2,2.6,9.3,"2,214",250.3,"2,017",228.0,197,22.3,1155,660,774,3787,1823,1389,178745,1041200,142963,247962,71.0,95.0,57.2,91.6,34.4,49.5,58.8,288741,1681940,187243,342609,83.4,95.0,66.0,95.0,46.3,60.4,67.7,46.9,54.1,43.7,False,178745,1041200,142963,247962,71.0,95.0,57.2,91.6,34.4,49.5,58.8,288741,1681940,187243,342609,83.4,95.0,66.0,95.0,46.3,60.4,67.7,46.9,54.1,43.7,,No,42.34648139,43.49719777,33.36,0.83,5.65,3.29,5.24,0.12,0.0,53.65,68.07,72.54,28.52,38.99,6.61,1.34,0.9
Tennessee,4121045,4301472,4506394,51928,56970,58292,73.8,75.6,75.5,0.478,0.056,0.195,0.15,0.018,0.102,0.476,0.06,0.196,0.15,0.017,0.101,171.71,6346105,6910840,38.8,8.8,262.5,36.4,8.9,3.3,12.1,"17,687",259.0,"16,722",244.9,965,14.1,4128,4860,1743,24589,35606,17921,159221,950983,130986,233416,58.8,90.3,51.4,82.7,35.4,49.3,60.1,241512,1442480,163609,304337,64.3,94.4,56.2,86.6,47.8,62.5,72.1,46.3,53.3,27.4,False,159221,950983,130986,233416,58.8,90.3,51.4,82.7,35.4,49.3,60.1,241512,1442480,163609,304337,64.3,94.4,56.2,86.6,47.8,62.5,72.1,46.3,53.3,27.4,,No,50.274755,62.59111409,33.1,1.27,7.11,6.52,7.36,1.71,1.17,67.95,77.09,82.4,52.28,28.59,4.56,1.68,1.06
Texas,17700743,18559325,19631436,55118,60548,62586,76.5,78.6,78.4,0.476,0.057,0.159,0.109,0.016,0.184,0.461,0.06,0.169,0.111,0.018,0.18,116.16,25145561,29145505,39.4,7.0,217.5,31.2,5.1,3.3,11.9,"67,182",231.7,"62,219",214.6,"4,960",17.1,6144,12420,3918,94249,125095,66605,178946,1389500,140066,228468,66.8,94.4,57.0,84.3,28.1,43.6,53.6,266152,2066640,177556,299738,76.0,95.0,63.0,88.7,39.9,58.0,67.5,45.6,53.1,28.5,False,178946,1389500,140066,228468,66.8,94.4,57.0,84.3,28.1,43.6,53.6,266152,2066640,177556,299738,76.0,95.0,63.0,88.7,39.9,58.0,67.5,45.6,53.1,28.5,07/03/2020,Yes,43.30805631,62.2331859,25.39,1.28,8.82,6.16,6.87,1.17,1.44,69.14,74.49,82.3,59.43,22.14,4.69,0.98,1.94
Utah,2135748,2250031,2367996,51751,57042,59457,78.6,79.7,79.6,0.605,0.093,0.093,0.1,0.012,0.096,0.593,0.09,0.11,0.102,0.013,0.091,41.67,2763885,3271616,41.8,9.8,193.0,26.9,4.3,2.6,8.3,"7,198",224.5,"6,515",203.2,683,21.3,558,825,570,5590,7621,4665,168469,1476220,141059,247109,67.4,95.0,58.8,90.3,30.1,50.3,61.8,251943,2207660,188314,346806,75.0,95.0,66.5,95.0,49.5,69.7,78.3,51.2,59.2,40.2,False,168469,1476220,141059,247109,67.4,95.0,58.8,90.3,30.1,50.3,61.8,251943,2207660,188314,346806,75.0,95.0,66.5,95.0,49.5,69.7,78.3,51.2,59.2,40.2,11/09/2020,Yes,46.20043275,61.14368281,38.57,1.89,15.14,11.04,8.74,2.48,4.79,56.54,69.41,79.57,37.3,33.05,8.35,3.1,0.06
Vermont,409316,421226,436306,57978,61214,63039,78.8,79.8,79.3,0.484,0.048,0.239,0.175,0.01,0.044,0.483,0.053,0.246,0.176,0.0,0.033,70.34,625741,643077,44.8,12.1,200.5,26.8,5.7,2.0,7.4,"2,410",386.2,"2,312",370.5,98,15.7,603,630,339,1450,2849,2600,228605,1140820,200859,292154,89.5,95.0,77.5,95.0,49.2,65.4,74.4,391779,1955120,275383,423877,95.0,95.0,85.3,95.0,66.1,78.7,85.2,61.4,70.4,61.3,False,228605,1140820,200859,292154,89.5,95.0,77.5,95.0,49.2,65.4,74.4,391779,1955120,275383,423877,95.0,95.0,85.3,95.0,66.1,78.7,85.2,61.4,70.4,61.3,08/01/2020,Yes,31.30160466,71.51676103,29.04,2.61,6.58,3.93,3.38,0.4,0.62,73.73,80.26,80.12,60.08,23.48,6.59,0.22,0.0
Virginia,5224726,5392698,5599585,61474,66838,68985,77.6,79.1,79.0,0.541,0.052,0.135,0.148,0.044,0.08,0.539,0.048,0.155,0.149,0.041,0.068,223.36,8001024,8631393,46.8,8.8,202.7,31.3,6.1,2.4,9.9,"22,874",268.0,"21,378",250.5,"1,494",17.5,4596,3210,1557,18407,28208,20165,197892,1243000,169870,250781,79.1,95.0,68.0,89.9,36.6,53.7,65.6,299832,1883300,225260,356123,90.6,95.0,76.3,95.0,53.0,68.5,77.6,53.8,61.5,45.4,False,197892,1243000,169870,250781,79.1,95.0,68.0,89.9,36.6,53.7,65.6,299832,1883300,225260,356123,90.6,95.0,76.3,95.0,53.0,68.5,77.6,53.8,61.5,45.4,05/26/2020,Yes,43.74807037,58.61728272,25.1,1.57,7.59,5.1,6.87,1.25,1.89,72.12,75.11,82.19,54.39,24.58,3.16,0.44,0.14
Washington,4435738,4576236,4815623,67674,74188,75332,79.2,80.0,80.0,0.529,0.05,0.198,0.139,0.018,0.066,0.518,0.051,0.21,0.138,0.019,0.065,120.37,6724540,7705281,46.7,9.9,186.4,28.3,4.8,2.4,8.5,"21,731",285.4,"20,282",266.3,"1,449",19.0,4806,2343,1986,8950,20152,18940,199300,1254540,165728,251295,75.8,95.0,68.0,91.6,38.3,56.2,67.4,317245,1996980,227099,367145,84.9,95.0,75.7,95.0,57.8,73.1,81.0,62.4,70.0,52.1,False,199300,1254540,165728,251295,75.8,95.0,68.0,91.6,38.3,56.2,67.4,317245,1996980,227099,367145,84.9,95.0,75.7,95.0,57.8,73.1,81.0,62.4,70.0,52.1,06/26/2020,Yes,33.37584269,71.2599466,17.8,0.24,7.57,4.13,4.66,0.1,2.57,69.78,75.06,78.79,46.24,18.12,2.08,1.02,1.6
West Virginia,840864,864509,890610,45071,49071,49993,72.8,74.5,74.4,0.44,0.025,0.266,0.19,0.013,0.066,0.425,0.032,0.281,0.189,0.01,0.062,73.88,1852994,1793716,40.9,11.6,260.1,39.0,10.7,3.5,13.1,"4,914",274.2,"4,112",229.4,801,44.7,2286,2361,1185,5918,11891,7412,186630,911328,139290,226122,62.0,91.0,55.1,82.9,37.8,50.6,59.6,293997,1435610,170941,291621,67.3,95.0,59.6,87.5,49.3,62.4,70.6,44.7,50.9,27.9,False,186630,911328,139290,226122,62.0,91.0,55.1,82.9,37.8,50.6,59.6,293997,1435610,170941,291621,67.3,95.0,59.6,87.5,49.3,62.4,70.6,44.7,50.9,27.9,06/06/2020,Yes,58.09975983,78.44200728,31.07,1.2,11.42,5.43,5.15,0.66,0.16,68.89,75.53,80.96,52.27,31.81,6.86,2.37,0.61
Wisconsin,3581998,3684969,3819180,55431,60381,61475,77.7,79.3,79.3,0.565,0.053,0.161,0.155,0.008,0.058,0.544,0.053,0.181,0.16,0.008,0.054,109.97,5686986,5893718,44.3,10.2,207.2,27.9,4.9,2.5,7.5,"15,975",274.4,"14,817",254.5,"1,158",19.9,2316,3663,2010,17291,12577,9800,173432,992681,157050,267133,68.3,95.0,62.0,93.5,44.8,61.4,72.7,268728,1538130,209325,380390,74.9,95.0,68.0,95.0,60.4,75.1,83.7,60.4,69.5,52.4,False,173432,992681,157050,267133,68.3,95.0,62.0,93.5,44.8,61.4,72.7,268728,1538130,209325,380390,74.9,95.0,68.0,95.0,60.4,75.1,83.7,60.4,69.5,52.4,08/01/2020,Yes,38.88144723,55.01652911,29.32,0.39,6.13,6.26,5.04,0.88,1.03,59.89,69.74,76.29,36.95,27.47,4.8,1.11,0.31
Wyoming,401701,420429,436564,65558,70522,73248,76.3,77.7,78.1,0.511,0.071,0.115,0.162,0.018,0.123,0.495,0.085,0.115,0.169,0.021,0.115,5.98,563626,576851,34.7,9.5,196.9,28.2,6.0,2.1,6.8,"1,225",211.7,"1,081",186.8,144,24.9,291,936,807,2349,2735,1262,146210,853210,118557,218956,55.9,91.7,47.6,82.1,36.0,50.8,61.3,214567,1252110,145978,283335,60.7,95.0,52.9,87.6,47.0,61.5,71.0,48.0,54.3,32.0,False,146210,853210,118557,218956,55.9,91.7,47.6,82.1,36.0,50.8,61.3,214567,1252110,145978,283335,60.7,95.0,52.9,87.6,47.0,61.5,71.0,48.0,54.3,32.0,,No,61.78282956,62.30596952,35.03,0.36,15.97,2.87,5.51,1.39,0.0,55.33,64.54,74.72,34.84,40.31,7.05,0.5,0.3
